{"cameraMode":{"drawMode":0,"name":"Shaded","section":"Shading Mode"},"sceneLighting":true,"audioPlay":false,"sceneViewState":{"showFog":true,"showMaterialUpdate":false,"showSkybox":true,"showFlares":true,"showImageEffects":true,"showParticleSystems":true},"in2DMode":false,"pivot":{"x":2.898815155029297,"y":-18.326236724853517,"z":-12.238140106201172},"rotation":{"x":0.06484602391719818,"y":-0.9174931645393372,"z":0.3545950949192047,"w":0.16913163661956788},"size":16.780784606933595,"orthographic":false}