{"cameraMode":{"drawMode":0,"name":"Shaded","section":"Shading Mode"},"sceneLighting":false,"audioPlay":false,"sceneViewState":{"showFog":true,"showMaterialUpdate":false,"showSkybox":false,"showFlares":true,"showImageEffects":true,"showParticleSystems":true},"in2DMode":false,"pivot":{"x":-0.11280600726604462,"y":-0.004928380250930786,"z":0.29667139053344729},"rotation":{"x":-0.11486128717660904,"y":0.038651857525110248,"z":-0.0051878634840250019,"w":-0.9927886724472046},"size":0.75,"orthographic":false}