{"cameraMode":{"drawMode":0,"name":"Shaded","section":"Shading Mode"},"sceneLighting":false,"audioPlay":false,"sceneViewState":{"showFog":true,"showMaterialUpdate":false,"showSkybox":false,"showFlares":true,"showImageEffects":true,"showParticleSystems":true},"in2DMode":false,"pivot":{"x":2.20395565032959,"y":-1.3867664337158204,"z":-0.5557126402854919},"rotation":{"x":0.18746735155582429,"y":0.7581776976585388,"z":-0.24710184335708619,"w":0.573869526386261},"size":2.8578836917877199,"orthographic":false}