{"cameraMode":{"drawMode":0,"name":"Shaded","section":"Shading Mode"},"sceneLighting":false,"audioPlay":false,"sceneViewState":{"showFog":true,"showMaterialUpdate":false,"showSkybox":false,"showFlares":true,"showImageEffects":true,"showParticleSystems":true},"in2DMode":false,"pivot":{"x":0.08394604176282883,"y":0.14111605286598206,"z":-0.00905864592641592},"rotation":{"x":-0.19812032580375672,"y":-0.8022733330726624,"z":0.41013815999031069,"w":-0.38640111684799197},"size":0.556258499622345,"orthographic":false}