{"cameraMode":{"drawMode":0,"name":"Shaded","section":"Shading Mode"},"sceneLighting":true,"audioPlay":false,"sceneViewState":{"showFog":true,"showMaterialUpdate":false,"showSkybox":true,"showFlares":true,"showImageEffects":true,"showParticleSystems":true},"in2DMode":false,"pivot":{"x":-0.8281420469284058,"y":-0.40665969252586367,"z":0.15322089195251466},"rotation":{"x":-0.6070660948753357,"y":-0.05660880357027054,"z":0.04341858625411987,"w":-0.7914515137672424},"size":1.5781424045562745,"orthographic":false}