{"cameraMode":{"drawMode":0,"name":"Shaded","section":"Shading Mode"},"sceneLighting":false,"audioPlay":false,"sceneViewState":{"showFog":true,"showMaterialUpdate":false,"showSkybox":false,"showFlares":true,"showImageEffects":true,"showParticleSystems":true},"in2DMode":false,"pivot":{"x":0.4288896918296814,"y":0.22639140486717225,"z":0.08006276190280914},"rotation":{"x":0.036988530308008197,"y":-0.749343991279602,"z":-0.04294104874134064,"w":-0.6600584387779236},"size":0.556258499622345,"orthographic":false}