{"cameraMode":{"drawMode":0,"name":"Shaded","section":"Shading Mode"},"sceneLighting":true,"audioPlay":false,"sceneViewState":{"showFog":true,"showMaterialUpdate":false,"showSkybox":true,"showFlares":true,"showImageEffects":true,"showParticleSystems":true},"in2DMode":false,"pivot":{"x":0.9266483783721924,"y":-7.36600399017334,"z":-10.037435531616211},"rotation":{"x":0.4477977156639099,"y":-0.39232543110847475,"z":0.22802941501140595,"w":0.7704382538795471},"size":7.144177436828613,"orthographic":false}