{"cameraMode":{"drawMode":0,"name":"Shaded","section":"Shading Mode"},"sceneLighting":false,"audioPlay":false,"sceneViewState":{"showFog":true,"showMaterialUpdate":false,"showSkybox":false,"showFlares":true,"showImageEffects":true,"showParticleSystems":true},"in2DMode":false,"pivot":{"x":-1.9444392919540406,"y":2.1230275630950929,"z":-1.4326066970825196},"rotation":{"x":-0.21029917895793916,"y":0.04503471776843071,"z":-0.010341348126530648,"w":-0.9766789078712463},"size":2.8578836917877199,"orthographic":false}