{"cameraMode":{"drawMode":0,"name":"Shaded","section":"Shading Mode"},"sceneLighting":false,"audioPlay":false,"sceneViewState":{"showFog":true,"showMaterialUpdate":false,"showSkybox":false,"showFlares":true,"showImageEffects":true,"showParticleSystems":true},"in2DMode":false,"pivot":{"x":4.006855487823486,"y":-1.045015573501587,"z":2.1275417804718019},"rotation":{"x":-0.1322418749332428,"y":-0.4486551880836487,"z":0.06643139570951462,"w":-0.8815337419509888},"size":2.8578836917877199,"orthographic":false}