{"cameraMode":{"drawMode":0,"name":"Shaded","section":"Shading Mode"},"sceneLighting":true,"audioPlay":false,"sceneViewState":{"showFog":true,"showMaterialUpdate":false,"showSkybox":true,"showFlares":true,"showImageEffects":true,"showParticleSystems":true},"in2DMode":false,"pivot":{"x":-0.9684403538703919,"y":2.666658639907837,"z":0.045675262808799747},"rotation":{"x":0.28871557116508486,"y":0.5554476380348206,"z":-0.2138420045375824,"w":0.7499306201934815},"size":0.4330126941204071,"orthographic":false}