{"cameraMode":{"drawMode":0,"name":"Shaded","section":"Shading Mode"},"sceneLighting":false,"audioPlay":false,"sceneViewState":{"showFog":true,"showMaterialUpdate":false,"showSkybox":false,"showFlares":true,"showImageEffects":true,"showParticleSystems":true},"in2DMode":false,"pivot":{"x":4.95839262008667,"y":5.000947952270508,"z":-5.245598793029785},"rotation":{"x":-0.20264750719070435,"y":0.1714390069246292,"z":-0.036060433834791186,"w":-0.9634629487991333},"size":9.391233444213868,"orthographic":false}