{"cameraMode":{"drawMode":0,"name":"Shaded","section":"Shading Mode"},"sceneLighting":true,"audioPlay":false,"sceneViewState":{"showFog":true,"showMaterialUpdate":false,"showSkybox":true,"showFlares":true,"showImageEffects":true,"showParticleSystems":true},"in2DMode":false,"pivot":{"x":-5.2215681076049809,"y":-0.28614044189453127,"z":-8.09132194519043},"rotation":{"x":-0.31058362126350405,"y":0.5055188536643982,"z":-0.20144663751125337,"w":-0.7793861627578735},"size":19.858095169067384,"orthographic":false}