{"cameraMode":{"drawMode":0,"name":"Shaded","section":"Shading Mode"},"sceneLighting":false,"audioPlay":false,"sceneViewState":{"showFog":true,"showMaterialUpdate":false,"showSkybox":false,"showFlares":true,"showImageEffects":true,"showParticleSystems":true},"in2DMode":false,"pivot":{"x":1293.8212890625,"y":371.0138854980469,"z":-891.0513916015625},"rotation":{"x":0.05295523628592491,"y":-0.067054882645607,"z":0.0035641046706587078,"w":0.9963388442993164},"size":47.50546646118164,"orthographic":false}