{"cameraMode":{"drawMode":0,"name":"Shaded","section":"Shading Mode"},"sceneLighting":false,"audioPlay":false,"sceneViewState":{"showFog":true,"showMaterialUpdate":false,"showSkybox":false,"showFlares":true,"showImageEffects":true,"showParticleSystems":true},"in2DMode":false,"pivot":{"x":0.030903995037078859,"y":0.3442380130290985,"z":-0.275393009185791},"rotation":{"x":0.014442448504269123,"y":-0.24121297895908357,"z":0.004131400492042303,"w":0.9705081582069397},"size":1.4208295345306397,"orthographic":false}