{"cameraMode":{"drawMode":0,"name":"Shaded","section":"Shading Mode"},"sceneLighting":false,"audioPlay":false,"sceneViewState":{"showFog":true,"showMaterialUpdate":false,"showSkybox":false,"showFlares":true,"showImageEffects":true,"showParticleSystems":true},"in2DMode":false,"pivot":{"x":-4.061779975891113,"y":4.52484130859375,"z":2.893538475036621},"rotation":{"x":0.12737031280994416,"y":0.8294436931610107,"z":-0.20966923236846925,"w":0.5021954774856567},"size":2.8578836917877199,"orthographic":false}