{"cameraMode":{"drawMode":0,"name":"Shaded","section":"Shading Mode"},"sceneLighting":false,"audioPlay":false,"sceneViewState":{"showFog":true,"showMaterialUpdate":false,"showSkybox":false,"showFlares":true,"showImageEffects":true,"showParticleSystems":true},"in2DMode":false,"pivot":{"x":-0.8102791905403137,"y":0.35037875175476076,"z":1.574028491973877},"rotation":{"x":0.043287839740514758,"y":0.3765144646167755,"z":-0.016993846744298936,"w":0.9253952503204346},"size":3.045234203338623,"orthographic":false}