{"cameraMode":{"drawMode":0,"name":"Shaded","section":"Shading Mode"},"sceneLighting":true,"audioPlay":false,"sceneViewState":{"showFog":true,"showMaterialUpdate":false,"showSkybox":true,"showFlares":true,"showImageEffects":true,"showParticleSystems":true},"in2DMode":false,"pivot":{"x":-8.54640007019043,"y":-1.8828845024108887,"z":3.9072763919830324},"rotation":{"x":-0.22288720309734345,"y":0.4690343141555786,"z":-0.12363492697477341,"w":-0.8456590175628662},"size":28.12594985961914,"orthographic":false}