{"cameraMode":{"drawMode":0,"name":"Shaded","section":"Shading Mode"},"sceneLighting":false,"audioPlay":false,"sceneViewState":{"showFog":true,"showMaterialUpdate":false,"showSkybox":false,"showFlares":true,"showImageEffects":true,"showParticleSystems":true},"in2DMode":false,"pivot":{"x":-4.19695520401001,"y":-1.1959328651428223,"z":2.5691378116607668},"rotation":{"x":0.1317731738090515,"y":-0.4294842481613159,"z":0.06402464956045151,"w":0.891274094581604},"size":3.045234203338623,"orthographic":false}