{"cameraMode":{"drawMode":0,"name":"Shaded","section":"Shading Mode"},"sceneLighting":false,"audioPlay":false,"sceneViewState":{"showFog":true,"showMaterialUpdate":false,"showSkybox":false,"showFlares":true,"showImageEffects":true,"showParticleSystems":true},"in2DMode":false,"pivot":{"x":1.1093765497207642,"y":-1.2579848766326905,"z":2.36008620262146},"rotation":{"x":-0.2532578706741333,"y":-0.21814760565757752,"z":0.05810500681400299,"w":-0.9408583045005798},"size":1.9578838348388672,"orthographic":false}