{"cameraMode":{"drawMode":0,"name":"Shaded","section":"Shading Mode"},"sceneLighting":false,"audioPlay":false,"sceneViewState":{"showFog":true,"showMaterialUpdate":false,"showSkybox":false,"showFlares":true,"showImageEffects":true,"showParticleSystems":true},"in2DMode":false,"pivot":{"x":-1.5024902820587159,"y":-0.10075797140598297,"z":-1.4899860620498658},"rotation":{"x":-0.00581831531599164,"y":0.925578773021698,"z":-0.015136674046516419,"w":-0.37851667404174807},"size":1.333012580871582,"orthographic":false}